Date,Content
2025-10-06,https://boxd.it/lvDCK
2025-10-08,https://boxd.it/4Z5K
2025-10-08,https://boxd.it/Pix3y
2025-11-22,https://boxd.it/1uHY4
2025-11-22,https://boxd.it/hTVxg
2025-11-28,https://boxd.it/zhY64
2025-11-30,https://boxd.it/1nDOq
2025-12-10,https://boxd.it/paYY2
2025-12-21,https://boxd.it/nZrSk
2025-12-26,https://boxd.it/4TXMq
2025-12-26,https://boxd.it/xjar8
2026-02-15,https://boxd.it/v4WcC
2026-04-24,https://boxd.it/Cxs0
2026-04-24,https://boxd.it/hDW4
2026-04-30,https://boxd.it/bDK6
2026-05-15,https://boxd.it/1PWYK
2026-06-23,https://boxd.it/O4X8
2026-06-23,https://boxd.it/Fg4S4
2026-06-24,https://boxd.it/N16kU
2026-06-27,https://boxd.it/dhxS
